/**
***		INSERT DATA
**/

/*TABLE 20*/
INSERT INTO `Bang_gia` (`don_gia_xe_bus`,`gia_ve_1_ngay_trong_tuan`,`gia_ve_1_ngay_cuoi_tuan`)
    VALUES (5000,30000,40000) ON DUPLICATE KEY 
    UPDATE `don_gia_xe_bus`=5000,`gia_ve_1_ngay_trong_tuan`=30000,`gia_ve_1_ngay_cuoi_tuan`=40000;

/*TABLE 1*/
INSERT INTO `Giao_lo` (`longitute`, `latitude`) VALUES (0,0),(2,2),(2,0),(3,3),(3,5),(4,2),(4,5),(5,5);

/*TABLE 3*/
INSERT INTO `Con_duong` (`ten_duong`) VALUES ('Duong doi'), ('Duong vao tim em'), ('Duong di hoc'), ('Duong ve nha');

/*TABLE 2*/
INSERT INTO `Doan_duong` 
VALUES  ('GL1', 'GL2', 'CD1', 10, 1), 
        ('GL2', 'GL4', 'CD1', 10, 2);

INSERT INTO `Doan_duong` 
VALUES ('GL1', 'GL8', 'CD2', 1000, 1);

INSERT INTO `Doan_duong` 
VALUES  ('GL1', 'GL3', 'CD3', 100, 1), 
        ('GL3', 'GL5', 'CD3', 100, 2), 
        ('GL5', 'GL7', 'CD3', 100, 3);

INSERT INTO `Doan_duong` 
VALUES  ('GL7', 'GL2', 'CD4', 5, 1), 
        ('GL2', 'GL1', 'CD4', 5, 2);

/*TABLE 4*/
INSERT INTO `Tuyen_tau_xe` VALUES ('B001'),('B002'),('B003'),('B004'),('T001'),('T002'),('T003'),('T004');

/*TABLE 5*/
INSERT INTO `Tuyen_xe_bus` (`ma_tuyen_tau_xe`) VALUES ('B001'),('B002'),('B003'),('B004');

/*TABLE 6*/
INSERT INTO `Tuyen_tau_dien` 
VALUES  ('A', 'Tau A', 10000, 'T001'), 
        ('B', 'Tau B', 15000, 'T002'), 
        ('C', 'Tau C', 20000, 'T003'),
        ('D', 'Tau D', 25000, 'T004');

/*TABLE 7*/
INSERT INTO `Chuyen_tau_xe` 
VALUES  ('B001', 1), ('B001', 2), 
        ('B002', 1), ('B002', 2), 
        ('B003', 1), ('B003', 2),                            
        ('B004', 1), ('B004', 2),                            
        ('T001', 1), ('T001', 2), 
        ('T002', 1), ('T002', 2), 
        ('T003', 1), ('T003', 2),
        ('T004', 1), ('T004', 2);

/*TABLE 8*/
INSERT INTO `Ga_tram` 
VALUES  ('BT00001', 'Dia chi 1', 'Tram BT 1', 0, 'GL1', 'GL2'), 
        ('BT00002', 'Dia chi 2', 'Tram BT 2', 0, 'GL2', 'GL4'),
        ('TT00001', 'Dia chi 3', 'Tram TT 1', 1, 'GL1', 'GL3'), 
        ('TT00002', 'Dia chi 4', 'Tram TT 2', 1, 'GL3', 'GL5');

/*TABLE 9*/
INSERT INTO `Chuyen_tau_xe_ghe_ga_tram` 
VALUES  ('B001', 1, 'BT00001', 1, '10:10:00', '10:20:00'),
        ('B001', 1, 'BT00002', 2, '10:30:00', '10:40:00'),
        ('T001', 1, 'TT00001', 1, '10:10:00', '10:20:00'),
        ('T001', 1, 'TT00002', 2, '10:30:00', '10:40:00');

/*TABLE 16*/
INSERT INTO `Hanh_khach` 
VALUES  ('KH000001', '111111111', '1231231231', 'teacher', 'F', 'teacher1@gmail.com', '1990-01-01'),
        ('KH000002', '222222222', '0123123123', 'hihi', 'M', 'hihi2@gmail.com', '1992-02-02'),
        ('KH000003', '333333333', '0123112123', 'hiihi', 'F', 'hiihi2@gmail.com', '1992-02-02'),
        ('KH000004', '444444444', '0122123123', 'hiiihi', 'M', 'hiiiihi2@gmail.com', '1992-02-02');

/*TABLE 10*/
INSERT INTO `Ve` 
VALUES  ('VO1805202100001', '0', 0, '2021-05-18 10:00:00', 'KH000001'),
        ('VO1805202100002', '0', 0, '2021-05-18 10:00:00', 'KH000002'),
        ('VO2005202100001', '0', 0, '2021-05-20 10:00:00', 'KH000003'),
        ('VO2005202100002', '0', 0, '2021-05-20 10:00:00', 'KH000004'),

        ('VM1805202100001', '1', 0, '2021-05-18 10:00:00', 'KH000001'),
        ('VM1805202100002', '1', 0, '2021-05-18 10:00:00', 'KH000002'),
        ('VM2005202100001', '1', 0, '2021-05-20 10:00:00', 'KH000003'),
        ('VM2005202100002', '1', 0, '2021-05-20 10:00:00', 'KH000004'),

        ('VD1805202100001', '2', 0, '2021-05-18 10:00:00', 'KH000001'),
        ('VD1805202100002', '2', 0, '2021-05-18 10:00:00', 'KH000002'),
        ('VD2005202100001', '2', 0, '2021-05-20 10:00:00', 'KH000003'),
        ('VD2005202100002', '2', 0, '2021-05-20 10:00:00', 'KH000004');

/*TABLE 11*/
INSERT INTO `Ve_le` 
VALUES  ('VO1805202100001', 'B001', '2021-05-18', 'BT00001', 'BT00002', '10:10:00', '10:30:00'),
        ('VO1805202100002', 'T001', '2021-05-18', 'TT00001', 'TT00002', '10:10:00', '10:30:00'),
        ('VO2005202100001', 'B001', '2021-05-20', 'BT00001', 'BT00002', '10:10:00', '10:30:00'),
        ('VO2005202100002', 'T001', '2021-05-20', 'TT00001', 'TT00002', '10:10:00', '10:30:00');
                
/*TABLE 12*/
INSERT INTO `Ve_thang` 
VALUES  ('VM1805202100001', 'B001', 'BT00001', 'BT00002'),
        ('VM1805202100002', 'T001', 'TT00001', 'TT00002'),
        ('VM2005202100001', 'B001', 'BT00001', 'BT00002'),
        ('VM2005202100002', 'T001', 'TT00001', 'TT00002');

/*TABLE 13*/
INSERT INTO `Hoat_dong_ve_thang` 
VALUES  ('VM1805202100001', '2021-05-18', '10:10:00', '10:30:00', 'BT00001', 'BT00002'),
        ('VM1805202100002', '2021-05-18', '10:10:00', '10:30:00', 'TT00001', 'TT00002'),
        ('VM2005202100001', '2021-05-20', '10:10:00', '10:30:00', 'BT00002', 'BT00001'),
        ('VM2005202100002', '2021-05-20', '10:10:00', '10:30:00', 'TT00002', 'TT00001');

/*TABLE 14*/
INSERT INTO `Ve_1_ngay` 
VALUES  ('VD1805202100001', '2021-05-18'),
        ('VD1805202100002', '2021-05-18'),
        ('VD2005202100001', '2021-05-20'),
        ('VD2005202100002', '2021-05-20');

/*TABLE 15*/
INSERT INTO `Hoat_dong_cua_ve_1_ngay` (`ma_ve`, `ma_tuyen`, `ma_ga_tram_len`, `ma_ga_tram_xuong`, `gio_len`, `gio_xuong`) 
VALUES  ('VD1805202100001', 'B001', 'BT00001', 'BT00002', '10:10:00', '10:30:00'),
        ('VD1805202100001', 'B001', 'BT00002', 'BT00001', '10:30:00', '10:50:00'),
        ('VD1805202100002', 'T001', 'TT00001', 'TT00002', '10:10:00', '10:30:00'),
        ('VD1805202100002', 'T001', 'TT00002', 'TT00001', '10:30:00', '10:50:00'),

        ('VD2005202100001', 'B001', 'BT00001', 'BT00002', '10:10:00', '10:30:00'),
        ('VD2005202100001', 'B001', 'BT00002', 'BT00001', '10:30:00', '10:50:00'),
        ('VD2005202100002', 'T001', 'TT00001', 'TT00002', '10:10:00', '10:30:00'),
        ('VD2005202100002', 'T001', 'TT00002', 'TT00001', '10:30:00', '10:50:00');

/*TABLE 18*/
INSERT INTO `Nhan_vien` 
VALUES  ('NV0001', 'Giam sat', '1993-03-03', 'nv1@gmail.com', 'F', '0123412341', '0123412342'),
        ('NV0002', 'Giam sat', '1993-04-04', 'nv2@gmail.com', 'M', '0123412343', '0223412344'),
        ('NV0003', 'Giam sat', '1993-04-04', 'nv2@gmail.com', 'F', '0123112343', '0123412344'),
        ('NV0004', 'Giam sat', '1993-04-04', 'nv2@gmail.com', 'M', '0123412243', '0133412344');

/*TABLE 17*/
INSERT INTO `The_tu` 
VALUES  ('TT000001', '2021-05-18', 'KH000001'),
        ('TT000002', '2021-05-18', 'KH000002'),
        ('TT000003', '2021-05-20', 'KH000002'),
        ('TT000004', '2021-05-20', 'KH000002');

/*TABLE 19*/
INSERT INTO `Ga_tram_lam_viec` 
VALUES  ('NV0001', 'BT00001'),
        ('NV0002', 'TT00001'),
        ('NV0003', 'BT00002'),
        ('NV0004', 'TT00002');



